date,steps,low_activity
2018-08-18,377,True
2018-08-19,245,True
2018-08-20,9620,False
2018-08-21,11601,False
2018-08-22,7292,False
2018-08-23,264,True
2018-08-24,5350,False
2018-08-25,4888,False
2018-08-26,5758,False
2018-08-27,9775,False
2018-08-28,10091,False
2018-09-09,14,True
2018-09-12,26,True
2018-09-17,46,True
2018-09-22,37,True
2019-01-16,26,True
2019-01-18,2732,True
2019-01-19,754,True
2019-01-20,430,True
2019-01-21,260,True
2019-01-22,4926,False
2019-01-23,7173,False
2019-01-24,4320,False
2019-01-25,3084,True
2019-01-26,2857,True
2019-01-27,3294,True
2019-01-28,4257,False
2019-01-29,4060,False
2019-01-30,1740,True
2019-01-31,5376,False
2019-02-01,6621,False
2019-02-02,269,True
2019-02-03,3998,True
2019-02-04,4133,False
2019-02-05,2981,True
2019-02-06,12141,False
2019-02-07,3836,True
2019-02-08,5601,False
2019-02-09,528,True
2019-02-10,1815,True
2019-02-11,4524,False
2019-02-12,2184,True
2019-02-13,7597,False
2019-02-14,18073,False
2019-02-15,24213,False
2019-02-16,23925,False
2019-02-17,21655,False
2019-02-18,27595,False
2019-02-19,19904,False
2019-02-20,7099,False
2019-02-21,1640,True
2019-02-22,8089,False
2019-02-23,765,True
2019-02-24,2315,True
2019-02-25,3985,True
2019-02-26,4046,False
2019-02-27,4103,False
2019-02-28,4806,False
2019-03-01,5845,False
2019-03-02,3525,True
2019-03-03,3729,True
2019-03-04,3094,True
2019-03-05,5246,False
2019-03-06,6581,False
2019-03-07,4418,False
2019-03-08,2938,True
2019-03-09,2694,True
2019-03-10,2225,True
2019-03-11,3971,True
2019-03-12,5037,False
2019-03-13,3120,True
2019-03-14,5810,False
2019-03-15,2302,True
2019-03-16,788,True
2019-03-17,6716,False
2019-03-18,2856,True
2019-03-19,5786,False
2019-03-20,3996,True
2019-03-21,5162,False
2019-03-22,1708,True
2019-03-23,459,True
2019-03-24,2231,True
2019-03-25,6580,False
2019-03-26,6776,False
2019-03-27,1030,True
2019-03-28,9153,False
2019-03-29,5824,False
2019-03-30,5252,False
2019-03-31,5181,False
2019-04-01,5173,False
2019-04-02,7249,False
2019-04-03,6393,False
2019-04-04,7269,False
2019-04-05,2059,True
2019-04-06,1485,True
2019-04-07,3828,True
2019-04-08,2272,True
2019-04-09,8795,False
2019-04-10,5770,False
2019-04-11,6151,False
2019-04-12,2781,True
2019-04-13,2636,True
2019-04-14,744,True
2019-04-15,1330,True
2019-04-16,8093,False
2019-04-17,9271,False
2019-04-18,8043,False
2019-04-19,312,True
2019-04-20,1411,True
2019-04-21,4869,False
2019-04-22,5348,False
2019-04-23,7536,False
2019-04-24,7614,False
2019-04-25,6523,False
2019-04-26,5423,False
2019-04-27,3769,True
2019-04-28,2642,True
2019-04-29,5794,False
2019-04-30,6356,False
2019-05-01,5649,False
2019-05-02,3119,True
2019-05-03,5234,False
2019-05-04,5278,False
2019-05-05,3255,True
2019-05-06,5657,False
2019-05-07,5194,False
2019-05-08,7493,False
2019-05-09,2849,True
2019-05-10,3988,True
2019-05-11,5346,False
2019-05-12,3817,True
2019-05-13,4887,False
2019-05-14,4977,False
2019-05-15,5639,False
2019-05-16,2291,True
2019-05-17,10075,False
2019-05-18,4158,False
2019-05-19,4096,False
2019-05-20,6625,False
2019-05-21,4029,False
2019-05-22,5119,False
2019-05-23,11385,False
2019-05-24,6179,False
2019-05-25,6652,False
2019-05-26,1065,True
2019-05-27,7188,False
2019-05-28,5520,False
2019-05-29,7400,False
2019-05-30,3592,True
2019-05-31,6524,False
2019-06-01,7744,False
2019-06-02,5935,False
2019-06-03,6125,False
2019-06-04,10477,False
2019-06-05,9400,False
2019-06-06,3587,True
2019-06-07,3292,True
2019-06-08,3331,True
2019-06-09,5899,False
2019-06-10,1304,True
2019-06-11,2229,True
2019-06-12,5828,False
2019-06-13,5332,False
2019-06-14,4344,False
2019-06-15,5056,False
2019-06-16,8048,False
2019-06-17,4846,False
2019-06-18,7112,False
2019-06-19,7369,False
2019-06-20,3887,True
2019-06-21,494,True
2019-06-22,14160,False
2019-06-23,6668,False
2019-06-24,4632,False
2019-06-25,12274,False
2019-06-26,5473,False
2019-06-27,7524,False
2019-06-28,1853,True
2019-06-29,550,True
2019-06-30,2773,True
2019-07-01,5429,False
2019-07-02,9527,False
2019-07-03,7188,False
2019-07-04,366,True
2019-07-05,13689,False
2019-07-06,5220,False
2019-07-07,3676,True
2019-07-08,3958,True
2019-07-09,5640,False
2019-07-10,10872,False
2019-07-11,5944,False
2019-07-12,345,True
2019-07-13,13899,False
2019-07-14,594,True
2019-07-15,7501,False
2019-07-16,5643,False
2019-07-17,6288,False
2019-07-18,4012,False
2019-07-19,3339,True
2019-07-20,110,True
2019-07-21,323,True
2019-07-22,4167,False
2019-07-23,6623,False
2019-07-24,8999,False
2019-07-25,5386,False
2019-07-26,308,True
2019-07-27,16901,False
2019-07-28,2199,True
2019-07-29,5228,False
2019-07-30,7386,False
2019-07-31,8444,False
2019-08-01,4798,False
2019-08-02,3677,True
2019-08-03,646,True
2019-08-04,342,True
2019-08-05,7349,False
2019-08-06,5753,False
2019-08-07,7570,False
2019-08-08,4328,False
2019-08-09,798,True
2019-08-10,1478,True
2019-08-11,13890,False
2019-08-12,4410,False
2019-08-13,7465,False
2019-08-14,8944,False
2019-08-15,6524,False
2019-08-16,2504,True
2019-08-17,1847,True
2019-08-18,5409,False
2019-08-19,4120,False
2019-08-20,6109,False
2019-08-21,13204,False
2019-08-22,8423,False
2019-08-23,295,True
2019-08-24,2193,True
2019-08-25,5863,False
2019-08-26,6493,False
2019-08-27,8570,False
2019-08-28,1586,True
2019-08-29,8332,False
2019-08-30,3198,True
2019-08-31,2673,True
2019-09-01,277,True
2019-09-02,460,True
2019-09-03,7600,False
2019-09-04,5267,False
2019-09-05,4704,False
2019-09-06,3216,True
2019-09-07,5094,False
2019-09-08,4841,False
2019-09-09,1844,True
2019-09-10,5619,False
2019-09-11,8785,False
2019-09-12,5108,False
2019-09-13,2123,True
2019-09-14,5441,False
2019-09-15,6290,False
2019-09-16,4323,False
2019-09-17,5248,False
2019-09-18,4714,False
2019-09-19,6201,False
2019-09-20,1918,True
2019-09-21,2836,True
2019-09-22,3261,True
2019-09-23,8958,False
2019-09-24,6738,False
2019-09-25,4434,False
2019-09-26,1087,True
2019-09-27,5376,False
2019-09-28,1705,True
2019-09-29,2117,True
2019-09-30,4729,False
2019-10-01,5415,False
2019-10-02,5681,False
2019-10-03,3972,True
2019-10-04,2683,True
2019-10-05,3732,True
2019-10-06,2902,True
2019-10-07,5934,False
2019-10-08,5158,False
2019-10-09,6378,False
2019-10-10,5290,False
2019-10-11,1584,True
2019-10-12,1030,True
2019-10-13,6848,False
2019-10-14,495,True
2019-10-15,9148,False
2019-10-16,2725,True
2019-10-17,2144,True
2019-10-18,5051,False
2019-10-19,6074,False
2019-10-20,3584,True
2019-10-21,6084,False
2019-10-22,1978,True
2019-10-23,6053,False
2019-10-24,1122,True
2019-10-25,7042,False
2019-10-26,2591,True
2019-10-27,2934,True
2019-10-28,1658,True
2019-10-29,4309,False
2019-10-30,4653,False
2019-10-31,1328,True
2019-11-01,5265,False
2019-11-02,6155,False
2019-11-03,4859,False
2019-11-04,5838,False
2019-11-05,447,True
2019-11-06,6019,False
2019-11-07,4598,False
2019-11-08,1794,True
2019-11-09,2532,True
2019-11-10,6763,False
2019-11-11,503,True
2019-11-12,5633,False
2019-11-13,4529,False
2019-11-14,5156,False
2019-11-15,1134,True
2019-11-16,3511,True
2019-11-17,2480,True
2019-11-18,4579,False
2019-11-19,6501,False
2019-11-20,1258,True
2019-11-21,6403,False
2019-11-22,1800,True
2019-11-23,386,True
2019-11-24,2530,True
2019-11-25,4238,False
2019-11-26,4476,False
2019-11-27,3964,True
2019-11-28,2259,True
2019-11-29,4729,False
2019-11-30,3508,True
2019-12-01,1672,True
2019-12-02,1736,True
2019-12-03,2000,True
2019-12-04,4371,False
2019-12-05,4992,False
2019-12-06,4146,False
2019-12-07,2640,True
2019-12-08,5121,False
2019-12-09,3648,True
2019-12-10,5156,False
2019-12-11,5920,False
2019-12-12,4864,False
2019-12-13,3391,True
2019-12-14,3247,True
2019-12-15,2554,True
2019-12-16,3611,True
2019-12-17,4099,False
2019-12-18,5859,False
2019-12-19,2675,True
2019-12-20,2735,True
2019-12-21,4899,False
2019-12-22,214,True
2019-12-23,672,True
2019-12-24,4179,False
2019-12-25,531,True
2019-12-26,7811,False
2019-12-27,5459,False
2019-12-28,1494,True
2019-12-29,7507,False
2019-12-30,1031,True
2019-12-31,1506,True
2020-01-01,4406,False
2020-01-02,7839,False
2020-01-03,603,True
2020-01-04,853,True
2020-01-05,3818,True
2020-01-06,3427,True
2020-01-07,4977,False
2020-01-08,6534,False
2020-01-09,2957,True
2020-01-10,3447,True
2020-01-11,5393,False
2020-01-12,2949,True
2020-01-13,3557,True
2020-01-14,5171,False
2020-01-15,3216,True
2020-01-16,3276,True
2020-01-17,3904,True
2020-01-18,1265,True
2020-01-19,2742,True
2020-01-20,1261,True
2020-01-21,4725,False
2020-01-22,2070,True
2020-01-23,7652,False
2020-01-24,2811,True
2020-01-25,1292,True
2020-01-26,6144,False
2020-01-27,3228,True
2020-01-28,3552,True
2020-01-29,4539,False
2020-01-30,7440,False
2020-01-31,4505,False
2020-02-01,972,True
2020-02-02,8179,False
2020-02-03,2741,True
2020-02-04,5882,False
2020-02-05,4081,False
2020-02-06,2348,True
2020-02-07,6274,False
2020-02-08,1853,True
2020-02-09,4862,False
2020-02-10,6339,False
2020-02-11,6284,False
2020-02-12,4117,False
2020-02-13,5175,False
2020-02-14,2586,True
2020-02-15,2025,True
2020-02-16,1638,True
2020-02-17,6836,False
2020-02-18,4699,False
2020-02-19,4900,False
2020-02-20,3690,True
2020-02-21,934,True
2020-02-22,2575,True
2020-02-23,3230,True
2020-02-24,3902,True
2020-02-25,4103,False
2020-02-26,3812,True
2020-02-27,8927,False
2020-02-28,4660,False
2020-02-29,1976,True
2020-03-01,2840,True
2020-03-02,3611,True
2020-03-03,4187,False
2020-03-04,7774,False
2020-03-05,3593,True
2020-03-06,2793,True
2020-03-07,819,True
2020-03-08,1552,True
2020-03-09,2276,True
2020-03-10,2584,True
2020-03-11,3752,True
2020-03-12,1216,True
2020-03-13,1060,True
2020-03-14,1720,True
2020-03-15,1805,True
2020-03-16,1237,True
2020-03-17,1037,True
2020-03-18,1795,True
2020-03-19,2096,True
2020-03-20,896,True
2020-03-21,1473,True
2020-03-22,878,True
2020-03-23,125,True
2020-03-24,924,True
2020-03-25,984,True
2020-03-26,764,True
2020-03-27,1264,True
2020-03-28,916,True
2020-03-29,2228,True
2020-03-30,1079,True
2020-03-31,3230,True
2020-04-01,3166,True
2020-04-02,834,True
2020-04-03,871,True
2020-04-04,2890,True
2020-04-05,986,True
2020-04-06,2598,True
2020-04-07,3249,True
2020-04-08,775,True
2020-04-09,1598,True
2020-04-10,1714,True
2020-04-11,1164,True
2020-04-12,1231,True
2020-04-13,1342,True
2020-04-14,1001,True
2020-04-15,1359,True
2020-04-16,1764,True
2020-04-17,823,True
2020-04-18,1685,True
2020-04-19,1885,True
2020-04-20,1822,True
2020-04-21,2277,True
2020-04-22,2033,True
2020-04-23,1409,True
2020-04-24,2758,True
2020-04-25,1064,True
2020-04-26,2195,True
2020-04-27,1675,True
2020-04-28,1117,True
2020-04-29,1165,True
2020-04-30,3616,True
2020-05-01,615,True
2020-05-02,716,True
2020-05-03,770,True
2020-05-04,302,True
2020-05-05,385,True
2020-05-06,1052,True
2020-05-07,781,True
2020-05-08,1628,True
2020-05-09,989,True
2020-05-10,1743,True
2020-05-11,2297,True
2020-05-12,1033,True
2020-05-13,1466,True
2020-05-14,968,True
2020-05-15,446,True
2020-05-16,710,True
2020-05-17,909,True
2020-05-18,1084,True
2020-05-19,555,True
2020-05-20,577,True
2020-05-21,1127,True
2020-05-22,357,True
2020-05-23,531,True
2020-05-24,743,True
2020-05-25,503,True
2020-05-26,326,True
2020-05-27,210,True
2020-05-28,438,True
2020-05-29,343,True
2020-05-30,1065,True
2020-05-31,681,True
2020-06-01,344,True
2020-06-02,558,True
2020-06-03,250,True
2020-06-04,464,True
2020-06-05,310,True
2020-06-06,255,True
2020-06-07,325,True
2020-06-08,301,True
2020-06-09,372,True
2020-06-10,390,True
2020-06-11,385,True
2020-06-12,382,True
2020-06-13,905,True
2020-06-14,211,True
2020-06-15,1028,True
2020-06-16,421,True
2020-06-17,845,True
2020-06-18,460,True
2020-06-19,396,True
2020-06-20,387,True
2020-06-21,588,True
2020-06-22,322,True
2020-06-23,858,True
2020-06-24,403,True
2020-06-25,600,True
2020-06-26,359,True
2020-06-27,296,True
2020-06-28,510,True
2020-06-29,353,True
2020-06-30,312,True
2020-07-01,294,True
2020-07-02,245,True
2020-07-03,603,True
2020-07-04,411,True
2020-07-05,339,True
2020-07-06,670,True
2020-07-07,510,True
2020-07-08,599,True
2020-07-09,1004,True
2020-07-10,357,True
2020-07-11,446,True
2020-07-12,322,True
2020-07-13,610,True
2020-07-14,300,True
2020-07-15,526,True
2020-07-16,583,True
2020-07-17,354,True
2020-07-18,446,True
2020-07-19,384,True
2020-07-20,317,True
2020-07-21,353,True
2020-07-22,397,True
2020-07-23,375,True
2020-07-24,513,True
2020-07-25,292,True
2020-07-26,391,True
2020-07-27,201,True
2020-07-28,916,True
2020-07-29,219,True
2020-07-30,468,True
2020-07-31,585,True
2020-08-01,361,True
2020-08-02,388,True
2020-08-03,392,True
2020-08-04,748,True
2020-08-05,559,True
2020-08-06,295,True
2020-08-07,881,True
2020-08-08,428,True
2020-08-09,338,True
2020-08-10,494,True
2020-08-11,313,True
2020-08-12,239,True
2020-08-13,219,True
2020-08-14,269,True
2020-08-15,429,True
2020-08-16,306,True
2020-08-17,458,True
2020-08-18,560,True
2020-08-19,498,True
2020-08-20,795,True
2020-08-21,1382,True
2020-08-22,1034,True
2020-08-23,442,True
2020-08-24,576,True
2020-08-25,684,True
2020-08-26,576,True
2020-08-27,727,True
2020-08-28,435,True
2020-08-29,335,True
2020-08-30,420,True
2020-08-31,435,True
2020-09-01,381,True
2020-09-02,3881,True
2020-09-03,248,True
2020-09-04,398,True
2020-09-05,293,True
2020-09-06,562,True
2020-09-07,259,True
2020-09-08,550,True
2020-09-09,382,True
2020-09-10,448,True
2020-09-11,220,True
2020-09-12,363,True
2020-09-13,136,True
2020-09-14,418,True
2020-09-15,136,True
2020-09-16,607,True
2020-09-17,447,True
2020-09-18,345,True
2020-09-19,313,True
2020-09-20,450,True
2020-09-21,618,True
2020-09-22,243,True
2020-09-23,2761,True
2020-09-24,494,True
2020-09-25,1880,True
2020-09-26,476,True
2020-09-27,407,True
2020-09-28,322,True
2020-09-29,432,True
2020-09-30,378,True
2020-10-01,242,True
2020-10-02,2397,True
2020-10-03,2067,True
2020-10-04,224,True
2020-10-05,362,True
2020-10-06,309,True
2020-10-07,611,True
2020-10-08,976,True
2020-10-09,457,True
2020-10-10,642,True
2020-10-11,581,True
2020-10-12,554,True
2020-10-13,1188,True
2020-10-14,345,True
2020-10-15,303,True
2020-10-16,366,True
2020-10-17,572,True
2020-10-18,212,True
2020-10-19,249,True
2020-10-20,914,True
2020-10-21,215,True
2020-10-22,532,True
2020-10-23,731,True
2020-10-24,460,True
2020-10-25,361,True
2020-10-26,720,True
2020-10-27,1425,True
2020-10-28,1105,True
2020-10-29,815,True
2020-10-30,667,True
2020-10-31,1513,True
2020-11-01,1975,True
2020-11-02,1174,True
2020-11-03,1936,True
2020-11-04,864,True
2020-11-05,558,True
2020-11-06,507,True
2020-11-07,298,True
2020-11-08,358,True
2020-11-09,1167,True
2020-11-10,301,True
2020-11-11,254,True
2020-11-12,658,True
2020-11-13,220,True
2020-11-14,246,True
2020-11-15,635,True
2020-11-16,604,True
2020-11-17,993,True
2020-11-18,340,True
2020-11-19,706,True
2020-11-20,817,True
2020-11-21,398,True
2020-11-22,2219,True
2020-11-23,767,True
2020-11-24,1187,True
2020-11-25,807,True
2020-11-26,785,True
2020-11-27,618,True
2020-11-28,136,True
2020-11-29,838,True
2020-11-30,1537,True
2020-12-01,1149,True
2020-12-02,2634,True
2020-12-03,1345,True
2020-12-04,614,True
2020-12-05,1452,True
2020-12-06,1621,True
2020-12-07,1168,True
2020-12-08,1294,True
2020-12-09,1780,True
2020-12-10,1267,True
2020-12-11,2091,True
2020-12-12,478,True
2020-12-13,1091,True
2020-12-14,1029,True
2020-12-15,2027,True
2020-12-16,1488,True
2020-12-17,1011,True
2020-12-18,1273,True
2020-12-19,1511,True
2020-12-20,609,True
2020-12-21,1603,True
2020-12-22,1195,True
2020-12-23,2233,True
2020-12-24,1055,True
2020-12-25,1837,True
2020-12-26,1065,True
2020-12-27,818,True
2020-12-28,1744,True
2020-12-29,1232,True
2020-12-30,1241,True
2020-12-31,948,True
2021-01-01,262,True
2021-01-02,1143,True
2021-01-03,456,True
2021-01-04,913,True
2021-01-05,1171,True
2021-01-06,905,True
2021-01-07,1236,True
2021-01-08,803,True
2021-01-09,720,True
2021-01-10,1140,True
2021-01-11,1056,True
2021-01-12,894,True
2021-01-13,403,True
2021-01-14,1504,True
2021-01-15,1834,True
2021-01-16,573,True
2021-01-17,646,True
2021-01-18,321,True
2021-01-19,271,True
2021-01-20,712,True
2021-01-21,1449,True
2021-01-22,1012,True
2021-01-23,725,True
2021-01-24,2152,True
2021-01-25,920,True
2021-01-26,934,True
2021-01-27,1412,True
2021-01-28,1083,True
2021-01-29,816,True
2021-01-30,506,True
2021-01-31,1862,True
2021-02-01,1203,True
2021-02-02,823,True
2021-02-03,970,True
2021-02-04,478,True
2021-02-05,885,True
2021-02-06,185,True
2021-02-07,344,True
2021-02-08,234,True
2021-02-09,1980,True
2021-02-10,960,True
2021-02-11,547,True
2021-02-12,693,True
2021-02-13,1428,True
2021-02-14,2635,True
2021-02-15,1478,True
2021-02-16,1463,True
2021-02-17,1527,True
2021-02-18,1106,True
2021-02-19,1585,True
2021-02-20,2106,True
2021-02-21,1191,True
2021-02-22,1331,True
2021-02-23,773,True
2021-02-24,2220,True
2021-02-25,1146,True
2021-02-26,1195,True
2021-02-27,742,True
2021-02-28,3126,True
2021-03-01,1434,True
2021-03-02,1789,True
2021-03-03,1133,True
2021-03-04,1221,True
2021-03-05,2954,True
2021-03-06,1617,True
2021-03-07,2731,True
2021-03-08,1363,True
2021-03-09,1714,True
2021-03-10,1805,True
2021-03-11,1249,True
2021-03-12,579,True
2021-03-13,2499,True
2021-03-14,1543,True
2021-03-15,537,True
2021-03-16,587,True
2021-03-17,468,True
2021-03-18,582,True
2021-03-19,1654,True
2021-03-20,1587,True
2021-03-21,750,True
2021-03-22,702,True
2021-03-23,1093,True
2021-03-24,591,True
2021-03-25,2680,True
2021-03-26,343,True
2021-03-27,1082,True
2021-03-28,832,True
2021-03-29,301,True
2021-03-30,1000,True
2021-03-31,607,True
2021-04-01,372,True
2021-04-02,669,True
2021-04-03,1754,True
2021-04-04,853,True
2021-04-05,1939,True
2021-04-06,1102,True
2021-04-07,959,True
2021-04-08,495,True
2021-04-09,1509,True
2021-04-10,207,True
2021-04-11,167,True
2021-04-12,306,True
2021-04-13,710,True
2021-04-14,487,True
2021-04-15,946,True
2021-04-16,1203,True
2021-04-17,607,True
2021-04-18,1109,True
2021-04-19,514,True
2021-04-20,721,True
2021-04-21,264,True
2021-04-22,1323,True
2021-04-23,673,True
2021-04-24,753,True
2021-04-25,592,True
2021-04-26,2073,True
2021-04-27,876,True
2021-04-28,1980,True
2021-04-29,921,True
2021-04-30,614,True
2021-05-01,373,True
2021-05-02,197,True
2021-05-03,243,True
2021-05-04,202,True
2021-05-05,363,True
2021-05-06,495,True
2021-05-07,1471,True
2021-05-08,278,True
2021-05-09,145,True
2021-05-10,362,True
2021-05-11,485,True
2021-05-12,148,True
2021-05-13,767,True
2021-05-14,304,True
2021-05-15,633,True
2021-05-16,299,True
2021-05-17,279,True
2021-05-18,366,True
2021-05-19,413,True
2021-05-20,168,True
2021-05-21,520,True
2021-05-22,223,True
2021-05-23,126,True
2021-05-24,221,True
2021-05-25,196,True
2021-05-26,1920,True
2021-05-27,2501,True
2021-05-28,406,True
2021-05-29,334,True
2021-05-30,3135,True
2021-05-31,156,True
2021-06-01,200,True
2021-06-02,407,True
2021-06-03,203,True
2021-06-04,335,True
2021-06-05,430,True
2021-06-06,319,True
2021-06-07,332,True
2021-06-08,230,True
2021-06-09,311,True
2021-06-10,599,True
2021-06-11,552,True
2021-06-12,1327,True
2021-06-13,375,True
2021-06-14,949,True
2021-06-15,2122,True
2021-06-16,439,True
2021-06-17,2527,True
2021-06-18,623,True
2021-06-19,219,True
2021-06-20,289,True
2021-06-21,539,True
2021-06-22,1154,True
2021-06-23,231,True
2021-06-24,270,True
2021-06-25,1348,True
2021-06-26,368,True
2021-06-27,378,True
2021-06-28,419,True
2021-06-29,296,True
2021-06-30,210,True
2021-07-01,345,True
2021-07-02,895,True
2021-07-03,252,True
2021-07-04,199,True
2021-07-05,439,True
2021-07-06,124,True
2021-07-07,250,True
2021-07-08,381,True
2021-07-09,273,True
2021-07-10,601,True
2021-07-11,259,True
2021-07-12,189,True
2021-07-13,215,True
2021-07-14,506,True
2021-07-15,239,True
2021-07-16,461,True
2021-07-17,351,True
2021-07-18,332,True
2021-07-19,423,True
2021-07-20,513,True
2021-07-21,1616,True
2021-07-22,160,True
2021-07-23,1180,True
2021-07-24,409,True
2021-07-25,294,True
2021-07-26,267,True
2021-07-27,206,True
2021-07-28,339,True
2021-07-29,927,True
2021-07-30,919,True
2021-07-31,293,True
2021-08-01,248,True
2021-08-02,236,True
2021-08-03,413,True
2021-08-04,307,True
2021-08-05,518,True
2021-08-06,507,True
2021-08-07,246,True
2021-08-08,257,True
2021-08-09,297,True
2021-08-10,225,True
2021-08-11,214,True
2021-08-12,120,True
2021-08-13,195,True
2021-08-14,1209,True
2021-08-15,316,True
2021-08-16,1534,True
2021-08-17,152,True
2021-08-18,264,True
2021-08-19,137,True
2021-08-20,368,True
2021-08-21,2085,True
2021-08-22,388,True
2021-08-23,258,True
2021-08-24,4816,False
2021-08-25,2959,True
2021-08-26,358,True
2021-08-27,108,True
2021-08-28,2508,True
2021-08-29,196,True
2021-08-30,213,True
2021-08-31,319,True
2021-09-01,9338,False
2021-09-02,4231,False
2021-09-03,285,True
2021-09-04,336,True
2021-09-05,505,True
2021-09-06,359,True
2021-09-07,1178,True
2021-09-08,1765,True
2021-09-09,1210,True
2021-09-10,3266,True
2021-09-11,417,True
2021-09-12,2006,True
2021-09-13,1101,True
2021-09-14,2194,True
2021-09-15,3146,True
2021-09-16,2043,True
2021-09-17,3091,True
2021-09-18,255,True
2021-09-19,311,True
2021-09-20,1307,True
2021-09-21,2123,True
2021-09-22,2079,True
2021-09-23,2061,True
2021-09-24,2769,True
2021-09-25,230,True
2021-09-26,225,True
2021-09-27,3423,True
2021-09-28,1840,True
2021-09-29,1891,True
2021-09-30,1752,True
2021-10-01,2076,True
2021-10-02,213,True
2021-10-03,289,True
2021-10-04,1814,True
2021-10-05,2181,True
2021-10-06,963,True
2021-10-07,853,True
2021-10-08,1189,True
2021-10-09,302,True
2021-10-10,223,True
2021-10-11,274,True
2021-10-12,6792,False
2021-10-13,1547,True
2021-10-14,1197,True
2021-10-15,1327,True
2021-10-16,1348,True
2021-10-17,163,True
2021-10-18,6710,False
2021-10-19,976,True
2021-10-20,1028,True
2021-10-21,926,True
2021-10-22,1057,True
2021-10-23,152,True
2021-10-24,288,True
2021-10-25,2038,True
2021-10-26,1205,True
2021-10-27,969,True
2021-10-28,1407,True
2021-10-29,1771,True
2021-10-30,795,True
2021-10-31,8313,False
2021-11-01,9635,False
2021-11-02,387,True
2021-11-03,11695,False
2021-11-04,6237,False
2021-11-05,3126,True
2021-11-06,1640,True
2021-11-07,1256,True
2021-11-08,2416,True
2021-11-09,10073,False
2021-11-10,1972,True
2021-11-11,745,True
2021-11-12,2648,True
2021-11-13,537,True
2021-11-14,675,True
2021-11-15,2838,True
2021-11-16,9922,False
2021-11-17,1843,True
2021-11-18,9623,False
2021-11-19,1967,True
2021-11-20,169,True
2021-11-21,2705,True
2021-11-22,1834,True
2021-11-23,2258,True
2021-11-24,2163,True
2021-11-25,278,True
2021-11-26,285,True
2021-11-27,421,True
2021-11-28,255,True
2021-11-29,2007,True
2021-11-30,2990,True
2021-12-01,2011,True
2021-12-02,2148,True
2021-12-03,1969,True
2021-12-04,367,True
2021-12-05,98,True
2021-12-06,2079,True
2021-12-07,10431,False
2021-12-08,751,True
2021-12-09,1086,True
2021-12-10,865,True
2021-12-11,207,True
2021-12-12,1441,True
2021-12-13,1740,True
2021-12-14,1391,True
2021-12-15,1035,True
2021-12-16,1145,True
2021-12-17,1072,True
2021-12-18,317,True
2021-12-19,195,True
2021-12-20,1076,True
2021-12-21,1061,True
2021-12-22,1664,True
2021-12-23,1079,True
2021-12-24,267,True
2021-12-25,199,True
2021-12-26,266,True
2021-12-27,143,True
2021-12-28,244,True
2021-12-29,193,True
2021-12-30,310,True
2021-12-31,154,True
2022-01-01,305,True
2022-01-02,331,True
2022-01-03,7305,False
2022-01-04,1023,True
2022-01-05,1308,True
2022-01-06,1549,True
2022-01-07,1847,True
2022-01-08,1093,True
2022-01-09,925,True
2022-01-10,1092,True
2022-01-11,1175,True
2022-01-12,1329,True
2022-01-13,1620,True
2022-01-14,1186,True
2022-01-15,282,True
2022-01-16,183,True
2022-01-17,207,True
2022-01-18,1743,True
2022-01-19,1876,True
2022-01-20,2696,True
2022-01-21,2530,True
2022-01-22,242,True
2022-01-23,210,True
2022-01-24,2024,True
2022-01-25,1942,True
2022-01-26,2112,True
2022-01-27,1997,True
2022-01-28,2192,True
2022-01-29,155,True
2022-01-30,195,True
2022-01-31,1062,True
2022-02-01,1554,True
2022-02-02,2160,True
2022-02-03,2314,True
2022-02-04,605,True
2022-02-05,630,True
2022-02-06,1540,True
2022-02-07,1461,True
2022-02-08,1752,True
2022-02-09,2813,True
2022-02-10,1714,True
2022-02-11,2535,True
2022-02-12,453,True
2022-02-13,1129,True
2022-02-14,3244,True
2022-02-15,1600,True
2022-02-16,2353,True
2022-02-17,2141,True
2022-02-18,1650,True
2022-02-19,173,True
2022-02-20,201,True
2022-02-21,994,True
2022-02-22,989,True
2022-02-23,987,True
2022-02-24,824,True
2022-02-25,671,True
2022-02-26,1103,True
2022-02-27,1166,True
2022-02-28,3438,True
2022-03-01,686,True
2022-03-02,1075,True
2022-03-03,1151,True
2022-03-04,1430,True
2022-03-05,311,True
2022-03-06,754,True
2022-03-07,1086,True
2022-03-08,5862,False
2022-03-09,808,True
2022-03-10,1836,True
2022-03-11,2159,True
2022-03-12,628,True
2022-03-13,1255,True
2022-03-14,1953,True
2022-03-15,2143,True
2022-03-16,1856,True
2022-03-17,2073,True
2022-03-18,2107,True
2022-03-19,487,True
2022-03-20,7374,False
2022-03-21,692,True
2022-03-22,798,True
2022-03-23,1445,True
2022-03-24,1019,True
2022-03-25,1071,True
2022-03-26,2197,True
2022-03-27,1081,True
2022-03-28,1457,True
2022-03-29,1463,True
2022-03-30,2656,True
2022-03-31,753,True
2022-04-01,1901,True
2022-04-02,1178,True
2022-04-03,982,True
2022-04-04,2457,True
2022-04-05,2719,True
2022-04-06,3087,True
2022-04-07,2078,True
2022-04-08,2418,True
2022-04-09,823,True
2022-04-10,537,True
2022-04-11,2645,True
2022-04-12,1250,True
2022-04-13,1723,True
2022-04-14,2491,True
2022-04-15,2288,True
2022-04-16,7909,False
2022-04-17,146,True
2022-04-18,1370,True
2022-04-19,1807,True
2022-04-20,1518,True
2022-04-21,1470,True
2022-04-22,1070,True
2022-04-23,281,True
2022-04-24,4468,False
2022-04-25,2098,True
2022-04-26,1333,True
2022-04-27,1431,True
2022-04-28,1115,True
2022-04-29,1552,True
2022-04-30,1920,True
2022-05-01,797,True
2022-05-02,867,True
2022-05-03,1486,True
2022-05-04,1179,True
2022-05-05,1057,True
2022-05-06,1480,True
2022-05-07,1344,True
2022-05-08,578,True
2022-05-09,922,True
2022-05-10,2325,True
2022-05-11,3824,True
2022-05-12,1699,True
2022-05-13,2628,True
2022-05-14,269,True
2022-05-15,230,True
2022-05-16,2819,True
2022-05-17,8928,False
2022-05-18,1413,True
2022-05-19,2728,True
2022-05-20,11799,False
2022-05-21,359,True
2022-05-22,333,True
2022-05-23,1516,True
2022-05-24,2558,True
2022-05-25,2325,True
2022-05-26,2450,True
2022-05-27,2330,True
2022-05-28,412,True
2022-05-29,624,True
2022-05-30,186,True
2022-05-31,1778,True
2022-06-01,1688,True
2022-06-02,1573,True
2022-06-03,1857,True
2022-06-04,8963,False
2022-06-05,2773,True
2022-06-06,1627,True
2022-06-07,2702,True
2022-06-08,2705,True
2022-06-09,1648,True
2022-06-10,742,True
2022-06-11,242,True
2022-06-12,6458,False
2022-06-13,1636,True
2022-06-14,2095,True
2022-06-15,1491,True
2022-06-16,2206,True
2022-06-17,1834,True
2022-06-18,366,True
2022-06-19,426,True
2022-06-20,2139,True
2022-06-21,610,True
2022-06-22,1349,True
2022-06-23,166,True
2022-06-24,277,True
2022-06-25,2648,True
2022-06-26,2640,True
2022-06-27,264,True
2022-06-28,578,True
2022-06-29,254,True
2022-06-30,640,True
2022-07-01,166,True
2022-07-02,1340,True
2022-07-03,23551,False
2022-07-04,23021,False
2022-07-05,1598,True
2022-07-06,246,True
2022-07-07,231,True
2022-07-08,304,True
2022-07-09,234,True
2022-07-10,294,True
2022-07-11,159,True
2022-07-12,95,True
2022-07-13,272,True
2022-07-14,228,True
2022-07-15,126,True
2022-07-16,2316,True
2022-07-17,134,True
2022-07-18,246,True
2022-07-19,126,True
2022-07-20,235,True
2022-07-21,2422,True
2022-07-22,304,True
2022-07-23,315,True
2022-07-24,121,True
2022-07-25,1874,True
2022-07-26,909,True
2022-07-27,565,True
2022-07-28,1021,True
2022-07-29,678,True
2022-07-30,285,True
2022-07-31,309,True
2022-08-01,1853,True
2022-08-02,978,True
2022-08-03,772,True
2022-08-04,750,True
2022-08-05,724,True
2022-08-06,4661,False
2022-08-07,30219,False
2022-08-08,51215,False
2022-08-09,63805,False
2022-08-10,25869,False
2022-08-11,20221,False
2022-08-12,26437,False
2022-08-13,14639,False
2022-08-14,21850,False
2022-08-15,21223,False
2022-08-16,24165,False
2022-08-17,16216,False
2022-08-18,21948,False
2022-08-19,19607,False
2022-08-20,9767,False
2022-08-21,3860,True
2022-08-22,241,True
2022-08-23,911,True
2022-08-24,217,True
2022-08-25,204,True
2022-08-26,1236,True
2022-08-27,219,True
2022-08-28,773,True
2022-08-29,292,True
2022-08-30,327,True
2022-08-31,1972,True
2022-09-01,2229,True
2022-09-02,184,True
2022-09-03,247,True
2022-09-04,318,True
2022-09-05,132,True
2022-09-06,2560,True
2022-09-07,1389,True
2022-09-08,3030,True
2022-09-09,2126,True
2022-09-10,207,True
2022-09-11,2653,True
2022-09-12,1477,True
2022-09-13,3391,True
2022-09-14,1701,True
2022-09-15,2098,True
2022-09-16,1510,True
2022-09-17,955,True
2022-09-18,1712,True
2022-09-19,1407,True
2022-09-20,1414,True
2022-09-21,1489,True
2022-09-22,1662,True
2022-09-23,1285,True
2022-09-24,385,True
2022-09-25,818,True
2022-09-26,2277,True
2022-09-27,1532,True
2022-09-28,1548,True
2022-09-29,1336,True
2022-09-30,1800,True
2022-10-01,293,True
2022-10-02,955,True
2022-10-03,1500,True
2022-10-04,1702,True
2022-10-05,1831,True
2022-10-06,2677,True
2022-10-07,1491,True
2022-10-08,884,True
2022-10-09,697,True
2022-10-10,458,True
2022-10-11,2544,True
2022-10-12,1759,True
2022-10-13,1801,True
2022-10-14,2017,True
2022-10-15,420,True
2022-10-16,1687,True
2022-10-17,1508,True
2022-10-18,1943,True
2022-10-19,2669,True
2022-10-20,1895,True
2022-10-21,1896,True
2022-10-22,3203,True
2022-10-23,1220,True
2022-10-24,1598,True
2022-10-25,1736,True
2022-10-26,1911,True
2022-10-27,1478,True
2022-10-28,2414,True
2022-10-29,679,True
2022-10-30,1676,True
2022-10-31,2570,True
2022-11-01,2115,True
2022-11-02,1701,True
2022-11-03,2015,True
2022-11-04,1839,True
2022-11-05,1938,True
2022-11-06,922,True
2022-11-07,1674,True
2022-11-08,1680,True
2022-11-09,1951,True
2022-11-10,2798,True
2022-11-11,416,True
2022-11-12,411,True
2022-11-13,2218,True
2022-11-14,1779,True
2022-11-15,3780,True
2022-11-16,2885,True
2022-11-17,7056,False
2022-11-18,1267,True
2022-11-19,516,True
2022-11-20,3413,True
2022-11-21,838,True
2022-11-22,1566,True
2022-11-23,878,True
2022-11-24,48,True
2022-11-25,82,True
2022-11-26,101,True
2022-11-27,2627,True
2022-11-28,67,True
2022-11-29,1651,True
2022-11-30,1115,True
2022-12-01,1552,True
2022-12-02,850,True
2022-12-03,1108,True
2022-12-04,5571,False
2022-12-05,2591,True
2022-12-06,3309,True
2022-12-07,14780,False
2022-12-08,3072,True
2022-12-09,6332,False
2022-12-10,4287,False
2022-12-11,7852,False
2022-12-12,3060,True
2022-12-13,4232,False
2022-12-14,3006,True
2022-12-15,4181,False
2022-12-16,5694,False
2022-12-17,4342,False
2022-12-18,6658,False
2022-12-19,3482,True
2022-12-20,5991,False
2022-12-21,9704,False
2022-12-22,7183,False
2022-12-23,5853,False
2022-12-24,6528,False
2022-12-25,4438,False
2022-12-26,4193,False
2022-12-27,6185,False
2022-12-28,4601,False
2022-12-29,1530,True
2022-12-30,6564,False
2022-12-31,12281,False
2023-01-01,5473,False
2023-01-02,5697,False
2023-01-03,3266,True
2023-01-04,2248,True
2023-01-05,4121,False
2023-01-06,5203,False
2023-01-07,5344,False
2023-01-08,6564,False
2023-01-09,2543,True
2023-01-10,4082,False
2023-01-11,2492,True
2023-01-12,4763,False
2023-01-13,2005,True
2023-01-14,6483,False
2023-01-15,6853,False
2023-01-16,4348,False
2023-01-17,9118,False
2023-01-18,11243,False
2023-01-19,11417,False
2023-01-20,16689,False
2023-01-21,1990,True
2023-01-22,2817,True
2023-01-23,9979,False
2023-01-24,8951,False
2023-01-25,19291,False
2023-01-26,11283,False
2023-01-27,20358,False
2023-01-28,19113,False
2023-01-29,26058,False
2023-01-30,26699,False
2023-01-31,20484,False
2023-02-01,9939,False
2023-02-02,4162,False
2023-02-03,6162,False
2023-02-04,8515,False
2023-02-05,12328,False
2023-02-06,1873,True
2023-02-07,2742,True
2023-02-08,3395,True
2023-02-09,3026,True
2023-02-10,5502,False
2023-02-11,5824,False
2023-02-12,6526,False
2023-02-13,4336,False
2023-02-14,6308,False
2023-02-15,5486,False
2023-02-16,3695,True
2023-02-17,5917,False
2023-02-18,7857,False
2023-02-19,24782,False
2023-02-20,18099,False
2023-02-21,5628,False
2023-02-22,5971,False
2023-02-23,7619,False
2023-02-24,7474,False
2023-02-25,6149,False
2023-02-26,10805,False
2023-02-27,1416,True
2023-02-28,3144,True
2023-03-01,2850,True
2023-03-02,3016,True
2023-03-03,2061,True
2023-03-04,10234,False
2023-03-05,8292,False
2023-03-06,1180,True
2023-03-07,3774,True
2023-03-08,7482,False
2023-03-09,3114,True
2023-03-10,1867,True
2023-03-11,881,True
2023-03-12,7784,False
2023-03-13,1772,True
2023-03-14,2414,True
2023-03-15,851,True
2023-03-16,2890,True
2023-03-17,1644,True
2023-03-18,3673,True
2023-03-19,3311,True
2023-03-20,2047,True
2023-03-21,4081,False
2023-03-22,1226,True
2023-03-23,2771,True
2023-03-24,1611,True
2023-03-25,856,True
2023-03-26,8703,False
2023-03-27,1129,True
2023-03-28,2871,True
2023-03-29,2660,True
2023-03-30,2799,True
2023-03-31,3274,True
2023-04-01,866,True
2023-04-02,4605,False
2023-04-03,2226,True
2023-04-04,3322,True
2023-04-05,1787,True
2023-04-06,3399,True
2023-04-07,2395,True
2023-04-08,13011,False
2023-04-09,652,True
2023-04-10,2345,True
2023-04-11,3971,True
2023-04-12,730,True
2023-04-13,2787,True
2023-04-14,1686,True
2023-04-15,317,True
2023-04-16,185,True
2023-04-17,6371,False
2023-04-18,7010,False
2023-04-19,6213,False
2023-04-20,10358,False
2023-04-21,7420,False
2023-04-22,2951,True
2023-04-23,1776,True
2023-04-24,2124,True
2023-04-25,4080,False
2023-04-26,5419,False
2023-04-27,5022,False
2023-04-28,2215,True
2023-04-29,2602,True
2023-04-30,3209,True
2023-05-01,2114,True
2023-05-02,3807,True
2023-05-03,2636,True
2023-05-04,5421,False
2023-05-05,1468,True
2023-05-06,5946,False
2023-05-07,3213,True
2023-05-08,1229,True
2023-05-09,4000,False
2023-05-10,824,True
2023-05-11,3027,True
2023-05-12,3385,True
2023-05-13,2495,True
2023-05-14,11952,False
2023-05-15,585,True
2023-05-16,2215,True
2023-05-17,6777,False
2023-05-18,4434,False
2023-05-19,11285,False
2023-05-20,715,True
2023-05-21,4286,False
2023-05-22,5818,False
2023-05-23,17016,False
2023-05-24,4678,False
2023-05-25,5934,False
2023-05-26,11638,False
2023-05-27,668,True
2023-05-28,37919,False
2023-05-29,709,True
2023-05-30,9168,False
2023-05-31,5789,False
2023-06-01,3584,True
2023-06-02,5663,False
2023-06-03,5288,False
2023-06-04,4558,False
2023-06-05,4366,False
2023-06-06,11242,False
2023-06-07,6853,False
2023-06-08,19543,False
2023-06-09,5034,False
2023-06-10,3104,True
2023-06-11,8796,False
2023-06-12,10990,False
2023-06-13,17733,False
2023-06-14,7789,False
2023-06-15,14746,False
2023-06-16,1014,True
2023-06-17,878,True
2023-06-18,828,True
2023-06-19,1042,True
2023-06-20,919,True
2023-06-21,845,True
2023-06-22,856,True
2023-06-23,1753,True
2023-06-24,11257,False
2023-06-25,7174,False
2023-06-26,5117,False
2023-06-27,7578,False
2023-06-28,6140,False
2023-06-29,2249,True
2023-06-30,16662,False
2023-07-01,26314,False
2023-07-02,5665,False
2023-07-03,3629,True
2023-07-04,1538,True
2023-07-05,4259,False
2023-07-06,1068,True
2023-07-07,5065,False
2023-07-08,10980,False
2023-07-09,30061,False
2023-07-10,12523,False
2023-07-11,15466,False
2023-07-12,7651,False
2023-07-13,7823,False
2023-07-14,12495,False
2023-07-15,9376,False
2023-07-16,1325,True
2023-07-17,7943,False
2023-07-18,11962,False
2023-07-19,9196,False
2023-07-20,12951,False
2023-07-21,14165,False
2023-07-22,2128,True
2023-07-23,1950,True
2023-07-24,5610,False
2023-07-25,1893,True
2023-07-26,3532,True
2023-07-27,3769,True
2023-07-28,1940,True
2023-07-29,3674,True
2023-07-30,15122,False
2023-07-31,8394,False
2023-08-01,13748,False
2023-08-02,10471,False
2023-08-03,13946,False
2023-08-04,14282,False
2023-08-05,1350,True
2023-08-06,1652,True
2023-08-07,11099,False
2023-08-08,1857,True
2023-08-09,2009,True
2023-08-10,1814,True
2023-08-11,2282,True
2023-08-12,8428,False
2023-08-13,4641,False
2023-08-14,3977,True
2023-08-15,3701,True
2023-08-16,9487,False
2023-08-17,17087,False
2023-08-18,13190,False
2023-08-19,14212,False
2023-08-20,21436,False
2023-08-21,4277,False
2023-08-22,8718,False
2023-08-23,13955,False
2023-08-24,3475,True
2023-08-25,7247,False
2023-08-26,3583,True
2023-08-27,2271,True
2023-08-28,74,True
2023-08-29,6838,False
2023-08-30,12600,False
2023-08-31,16242,False
2023-09-01,12,True
2023-09-02,6,True
2023-09-03,7224,False
2023-09-04,3879,True
2023-09-05,480,True
2023-09-06,878,True
2023-09-07,3590,True
2023-09-08,4408,False
2023-09-09,1666,True
2023-09-10,1498,True
2023-09-11,3653,True
2023-09-12,5407,False
2023-09-13,2974,True
2023-09-14,3393,True
2023-09-15,2902,True
2023-09-16,436,True
2023-09-17,2355,True
2023-09-18,3062,True
2023-09-19,4186,False
2023-09-20,3295,True
2023-09-21,3072,True
2023-09-22,3226,True
2023-09-23,811,True
2023-09-24,934,True
2023-09-25,3113,True
2023-09-26,3899,True
2023-09-27,3357,True
2023-09-28,3019,True
2023-09-29,2851,True
2023-09-30,863,True
2023-10-01,2475,True
2023-10-02,2750,True
2023-10-03,4478,False
2023-10-04,2525,True
2023-10-05,3110,True
2023-10-06,3096,True
2023-10-07,690,True
2023-10-08,691,True
2023-10-09,1242,True
2023-10-10,4462,False
2023-10-11,2953,True
2023-10-12,2934,True
2023-10-13,2238,True
2023-10-14,1351,True
2023-10-15,1248,True
2023-10-16,3244,True
2023-10-17,4675,False
2023-10-18,3307,True
2023-10-19,3335,True
2023-10-20,2996,True
2023-10-21,1417,True
2023-10-22,2171,True
2023-10-23,2498,True
2023-10-24,5345,False
2023-10-25,3758,True
2023-10-26,3547,True
2023-10-27,3112,True
2023-10-28,680,True
2023-10-29,1479,True
2023-10-30,3248,True
2023-10-31,8219,False
2023-11-01,2621,True
2023-11-02,3380,True
2023-11-03,2938,True
2023-11-04,959,True
2023-11-05,3211,True
2023-11-06,6652,False
2023-11-07,1617,True
2023-11-08,4278,False
2023-11-09,6767,False
2023-11-10,4800,False
2023-11-11,998,True
2023-11-12,1594,True
2023-11-13,2520,True
2023-11-14,8373,False
2023-11-15,3622,True
2023-11-16,6611,False
2023-11-17,2681,True
2023-11-18,889,True
2023-11-19,1808,True
2023-11-20,2763,True
2023-11-21,4151,False
2023-11-22,3152,True
2023-11-23,1271,True
2023-11-24,1442,True
2023-11-25,365,True
2023-11-26,1778,True
2023-11-27,6692,False
2023-11-28,7841,False
2023-11-29,2705,True
2023-11-30,2575,True
2023-12-01,837,True
2023-12-02,937,True
2023-12-03,2003,True
2023-12-04,6489,False
2023-12-05,7045,False
2023-12-06,3039,True
2023-12-07,2756,True
2023-12-08,2745,True
2023-12-09,855,True
2023-12-10,2603,True
2023-12-11,3367,True
2023-12-12,1632,True
2023-12-13,3137,True
2023-12-14,3179,True
2023-12-15,2954,True
2023-12-16,537,True
2023-12-17,7395,False
2023-12-18,2650,True
2023-12-19,7045,False
2023-12-20,3101,True
2023-12-21,2647,True
2023-12-22,2746,True
2023-12-23,649,True
2023-12-24,1527,True
2023-12-25,676,True
2023-12-26,1382,True
2023-12-27,7330,False
2023-12-28,954,True
2023-12-29,1443,True
2023-12-30,849,True
2023-12-31,1888,True
2024-01-01,1196,True
2024-01-02,3744,True
2024-01-03,2767,True
2024-01-04,3139,True
2024-01-05,3217,True
2024-01-06,463,True
2024-01-07,1118,True
2024-01-08,2385,True
2024-01-09,991,True
2024-01-10,3408,True
2024-01-11,2281,True
2024-01-12,2908,True
2024-01-13,849,True
2024-01-14,347,True
2024-01-15,1469,True
2024-01-16,5052,False
2024-01-17,2972,True
2024-01-18,2904,True
2024-01-19,3207,True
2024-01-20,641,True
2024-01-21,1866,True
2024-01-22,2697,True
2024-01-23,3997,True
2024-01-24,3479,True
2024-01-25,3159,True
2024-01-26,4675,False
2024-01-27,1322,True
2024-01-28,3771,True
2024-01-29,2927,True
2024-01-30,5233,False
2024-01-31,3273,True
2024-02-01,2786,True
2024-02-02,3079,True
2024-02-03,784,True
2024-02-04,3236,True
2024-02-05,3142,True
2024-02-06,4118,False
2024-02-07,3909,True
2024-02-08,6249,False
2024-02-09,2855,True
2024-02-10,2845,True
2024-02-11,8235,False
2024-02-12,4088,False
2024-02-13,925,True
2024-02-14,3358,True
2024-02-15,3374,True
2024-02-16,2976,True
2024-02-17,979,True
2024-02-18,4299,False
2024-02-19,1716,True
2024-02-20,3564,True
2024-02-21,1624,True
2024-02-22,1701,True
2024-02-23,2995,True
2024-02-24,1960,True
2024-02-25,6464,False
2024-02-26,3116,True
2024-02-27,8752,False
2024-02-28,3949,True
2024-02-29,2735,True
2024-03-01,3838,True
2024-03-02,2509,True
2024-03-03,1275,True
2024-03-04,6630,False
2024-03-05,3020,True
2024-03-06,3099,True
2024-03-07,3070,True
2024-03-08,3448,True
2024-03-09,1246,True
2024-03-10,2488,True
2024-03-11,2979,True
2024-03-12,4583,False
2024-03-13,3551,True
2024-03-14,3054,True
2024-03-15,3069,True
2024-03-16,871,True
2024-03-17,2336,True
2024-03-18,2913,True
2024-03-19,4622,False
2024-03-20,4682,False
2024-03-21,3153,True
2024-03-22,3231,True
2024-03-23,1563,True
2024-03-24,1868,True
2024-03-25,2870,True
2024-03-26,6858,False
2024-03-27,2639,True
2024-03-28,2811,True
2024-03-29,2373,True
2024-03-30,3143,True
2024-03-31,1581,True
2024-04-01,2496,True
2024-04-02,4462,False
2024-04-03,804,True
2024-04-04,3408,True
2024-04-05,3558,True
2024-04-06,689,True
2024-04-07,1886,True
2024-04-08,2805,True
2024-04-09,4565,False
2024-04-10,5945,False
2024-04-11,2864,True
2024-04-12,2299,True
2024-04-13,425,True
2024-04-14,850,True
2024-04-15,424,True
2024-04-16,570,True
2024-04-17,969,True
2024-04-18,729,True
2024-04-19,799,True
2024-04-20,463,True
2024-04-21,1797,True
2024-04-22,3065,True
2024-04-23,4066,False
2024-04-24,2203,True
2024-04-25,3107,True
2024-04-26,2431,True
2024-04-27,753,True
2024-04-28,1998,True
2024-04-29,2183,True
2024-04-30,4182,False
2024-05-01,3410,True
2024-05-02,3007,True
2024-05-03,1995,True
2024-05-04,909,True
2024-05-05,2152,True
2024-05-06,1658,True
2024-05-07,4382,False
2024-05-08,2779,True
2024-05-09,2703,True
2024-05-10,940,True
2024-05-11,1092,True
2024-05-12,1819,True
2024-05-13,3298,True
2024-05-14,1456,True
2024-05-15,3118,True
2024-05-16,3070,True
2024-05-17,2823,True
2024-05-18,935,True
2024-05-19,1943,True
2024-05-20,2489,True
2024-05-21,3557,True
2024-05-22,2354,True
2024-05-23,1933,True
2024-05-24,6798,False
2024-05-25,830,True
2024-05-26,960,True
2024-05-27,1240,True
2024-05-28,4676,False
2024-05-29,2831,True
2024-05-30,1175,True
2024-05-31,5235,False
2024-06-01,1781,True
2024-06-02,3566,True
2024-06-03,3275,True
2024-06-04,2714,True
2024-06-05,1271,True
2024-06-06,2007,True
2024-06-07,2429,True
2024-06-08,6560,False
2024-06-09,1839,True
2024-06-10,6588,False
2024-06-11,5068,False
2024-06-12,4378,False
2024-06-13,11133,False
2024-06-14,1829,True
2024-06-15,2063,True
2024-06-16,2435,True
2024-06-17,4320,False
2024-06-18,3575,True
2024-06-19,1391,True
2024-06-20,5525,False
2024-06-21,17783,False
2024-06-22,458,True
2024-06-23,1599,True
2024-06-24,1443,True
2024-06-25,8206,False
2024-06-26,9296,False
2024-06-27,10680,False
2024-06-28,19215,False
2024-06-29,1761,True
2024-06-30,1566,True
2024-07-01,10001,False
2024-07-02,9795,False
2024-07-03,8981,False
2024-07-04,923,True
2024-07-05,13889,False
2024-07-06,1200,True
2024-07-07,1470,True
2024-07-08,16498,False
2024-07-09,12016,False
2024-07-10,16127,False
2024-07-11,16326,False
2024-07-12,12281,False
2024-07-13,1289,True
2024-07-14,757,True
2024-07-15,14011,False
2024-07-16,11020,False
2024-07-17,17984,False
2024-07-18,18502,False
2024-07-19,17796,False
2024-07-20,557,True
2024-07-21,686,True
2024-07-22,1527,True
2024-07-23,1128,True
2024-07-24,1719,True
2024-07-25,2901,True
2024-07-26,1478,True
2024-07-27,609,True
2024-07-28,605,True
2024-07-29,1212,True
2024-07-30,1618,True
2024-07-31,1549,True
2024-08-01,4112,False
2024-08-02,2299,True
2024-08-03,798,True
2024-08-04,1154,True
2024-08-05,1660,True
2024-08-06,1861,True
2024-08-07,1712,True
2024-08-08,1510,True
2024-08-09,3050,True
2024-08-10,716,True
2024-08-11,1120,True
2024-08-12,902,True
2024-08-13,1345,True
2024-08-14,2068,True
2024-08-15,2340,True
2024-08-16,4781,False
2024-08-17,1502,True
2024-08-18,955,True
2024-08-19,1379,True
2024-08-20,722,True
2024-08-21,463,True
2024-08-22,994,True
2024-08-23,3777,True
2024-08-24,1018,True
2024-08-25,2593,True
2024-08-26,11606,False
2024-08-27,14786,False
2024-08-28,8781,False
2024-08-29,12504,False
2024-08-30,12897,False
2024-08-31,926,True
2024-09-01,1003,True
2024-09-02,703,True
2024-09-03,877,True
2024-09-04,1885,True
2024-09-05,7789,False
2024-09-06,4341,False
2024-09-07,726,True
2024-09-08,930,True
2024-09-09,3245,True
2024-09-10,2310,True
2024-09-11,3692,True
2024-09-12,4557,False
2024-09-13,3502,True
2024-09-14,303,True
2024-09-15,764,True
2024-09-16,3603,True
2024-09-17,3051,True
2024-09-18,2901,True
2024-09-19,8587,False
2024-09-20,2301,True
2024-09-21,1022,True
2024-09-22,1492,True
2024-09-23,3489,True
2024-09-24,2880,True
2024-09-25,2755,True
2024-09-26,4349,False
2024-09-27,4237,False
2024-09-28,692,True
2024-09-29,820,True
2024-09-30,2561,True
2024-10-01,3016,True
2024-10-02,2661,True
2024-10-03,4573,False
2024-10-04,3338,True
2024-10-05,3145,True
2024-10-06,1517,True
2024-10-07,3387,True
2024-10-08,2608,True
2024-10-09,3020,True
2024-10-10,5912,False
2024-10-11,2981,True
2024-10-12,960,True
2024-10-13,812,True
2024-10-14,2074,True
2024-10-15,2747,True
2024-10-16,2590,True
2024-10-17,3957,True
2024-10-18,3219,True
2024-10-19,1244,True
2024-10-20,1609,True
2024-10-21,2345,True
2024-10-22,2612,True
2024-10-23,3894,True
2024-10-24,2055,True
2024-10-25,3654,True
2024-10-26,6694,False
2024-10-27,1089,True
2024-10-28,2431,True
2024-10-29,3516,True
2024-10-30,3293,True
2024-10-31,4412,False
2024-11-01,2240,True
2024-11-02,659,True
2024-11-03,1319,True
2024-11-04,4725,False
2024-11-05,1383,True
2024-11-06,2346,True
2024-11-07,4869,False
2024-11-08,2665,True
2024-11-09,1148,True
2024-11-10,998,True
2024-11-11,1050,True
2024-11-12,2481,True
2024-11-13,2242,True
2024-11-14,4573,False
2024-11-15,4309,False
2024-11-16,1586,True
2024-11-17,894,True
2024-11-18,2559,True
2024-11-19,2544,True
2024-11-20,2429,True
2024-11-21,227,True
2024-11-22,3446,True
2024-11-23,885,True
2024-11-24,1028,True
2024-11-25,2388,True
2024-11-26,1971,True
2024-11-27,3050,True
2024-11-28,545,True
2024-11-29,407,True
2024-11-30,421,True
2024-12-01,692,True
2024-12-02,2598,True
2024-12-03,1901,True
2024-12-04,2490,True
2024-12-05,4043,False
2024-12-06,2977,True
2024-12-07,1576,True
2024-12-08,653,True
2024-12-09,2222,True
2024-12-10,2384,True
2024-12-11,2127,True
2024-12-12,3462,True
2024-12-13,2474,True
2024-12-14,4507,False
2024-12-15,712,True
2024-12-16,3249,True
2024-12-17,3734,True
2024-12-18,644,True
2024-12-19,3784,True
2024-12-20,3204,True
2024-12-21,855,True
2024-12-22,1099,True
2024-12-23,1244,True
2024-12-24,1120,True
2024-12-25,1086,True
2024-12-26,701,True
2024-12-27,2363,True
2024-12-28,2775,True
2024-12-29,373,True
2024-12-30,505,True
2024-12-31,441,True
2025-01-01,1058,True
2025-01-02,4599,False
2025-01-03,2236,True
2025-01-04,562,True
2025-01-05,414,True
2025-01-06,1935,True
2025-01-07,2156,True
2025-01-08,2429,True
2025-01-09,3312,True
2025-01-10,3513,True
2025-01-11,914,True
2025-01-12,1394,True
2025-01-13,3372,True
2025-01-14,2327,True
2025-01-15,2378,True
2025-01-16,5357,False
2025-01-17,2426,True
2025-01-18,64,True
2025-01-19,151,True
2025-01-20,1910,True
2025-01-21,2505,True
2025-01-22,2833,True
2025-01-23,3581,True
2025-01-24,2965,True
2025-01-25,779,True
2025-01-26,726,True
2025-01-27,1964,True
2025-01-28,2455,True
2025-01-29,2418,True
2025-01-30,6548,False
2025-01-31,2665,True
2025-02-01,4858,False
2025-02-02,3192,True
2025-02-03,2012,True
2025-02-04,2310,True
2025-02-05,2431,True
2025-02-06,607,True
2025-02-07,2124,True
2025-02-08,668,True
2025-02-09,802,True
2025-02-10,2793,True
2025-02-11,2700,True
2025-02-12,2798,True
2025-02-13,4257,False
2025-02-14,2766,True
2025-02-15,4963,False
2025-02-16,320,True
2025-02-17,604,True
2025-02-18,958,True
2025-02-19,1242,True
2025-02-20,893,True
2025-02-21,1214,True
2025-02-22,2546,True
2025-02-23,2898,True
2025-02-24,16591,False
2025-02-25,11331,False
2025-02-26,1750,True
2025-02-27,4848,False
2025-02-28,8978,False
2025-03-01,796,True
2025-03-02,1192,True
2025-03-03,2570,True
2025-03-04,860,True
2025-03-05,2433,True
2025-03-06,10302,False
2025-03-07,2291,True
2025-03-08,729,True
2025-03-09,1683,True
2025-03-10,2196,True
2025-03-11,2276,True
2025-03-12,2548,True
2025-03-13,4148,False
2025-03-14,2452,True
2025-03-15,626,True
2025-03-16,800,True
2025-03-17,2612,True
2025-03-18,2862,True
2025-03-19,3873,True
2025-03-20,6109,False
2025-03-21,2467,True
2025-03-22,1198,True
2025-03-23,711,True
2025-03-24,2958,True
2025-03-25,6805,False
2025-03-26,2557,True
2025-03-27,928,True
2025-03-28,2185,True
2025-03-29,415,True
2025-03-30,2033,True
2025-03-31,2618,True
2025-04-01,4167,False
2025-04-02,4221,False
2025-04-03,3981,True
2025-04-04,3358,True
2025-04-05,983,True
2025-04-06,940,True
2025-04-07,2566,True
2025-04-08,2259,True
2025-04-09,3615,True
2025-04-10,3756,True
2025-04-11,2413,True
2025-04-12,3337,True
2025-04-13,776,True
2025-04-14,10695,False
2025-04-15,7301,False
2025-04-16,2450,True
2025-04-17,5234,False
2025-04-18,5815,False
2025-04-19,25142,False
2025-04-20,25181,False
2025-04-21,23283,False
2025-04-22,6047,False
2025-04-23,5664,False
2025-04-24,1900,True
2025-04-25,2073,True
2025-04-26,2360,True
2025-04-27,9604,False
2025-04-28,3137,True
2025-04-29,4659,False
2025-04-30,3280,True
2025-05-01,4416,False
2025-05-02,3062,True
2025-05-03,2005,True
2025-05-04,8311,False
2025-05-05,1891,True
2025-05-06,3223,True
2025-05-07,4759,False
2025-05-08,6587,False
2025-05-09,2599,True
2025-05-10,2737,True
2025-05-11,2396,True
2025-05-12,2836,True
2025-05-13,2664,True
2025-05-14,2970,True
2025-05-15,5111,False
2025-05-16,5502,False
2025-05-17,9693,False
2025-05-18,5978,False
2025-05-19,3121,True
2025-05-20,5991,False
2025-05-21,9088,False
2025-05-22,4093,False
2025-05-23,5751,False
2025-05-24,2668,True
2025-05-25,2223,True
2025-05-26,12262,False
2025-05-27,8524,False
2025-05-28,14587,False
2025-05-29,12984,False
2025-05-30,14355,False
2025-05-31,2951,True
2025-06-01,1522,True
2025-06-02,7173,False
2025-06-03,2795,True
2025-06-04,3930,True
2025-06-05,3064,True
2025-06-06,4739,False
2025-06-07,11145,False
2025-06-08,8476,False
2025-06-09,1917,True
2025-06-10,2560,True
2025-06-11,2789,True
2025-06-12,5974,False
2025-06-13,3804,True
2025-06-14,1846,True
2025-06-15,5998,False
2025-06-16,2182,True
2025-06-17,8031,False
2025-06-18,3585,True
2025-06-19,2689,True
2025-06-20,3069,True
2025-06-21,2364,True
2025-06-22,5664,False
2025-06-23,2479,True
2025-06-24,2473,True
2025-06-25,3744,True
2025-06-26,3889,True
2025-06-27,4653,False
2025-06-28,1538,True
2025-06-29,2958,True
2025-06-30,2761,True
2025-07-01,2713,True
2025-07-02,5908,False
2025-07-03,2347,True
2025-07-04,2388,True
2025-07-05,13672,False
2025-07-06,6919,False
2025-07-07,6410,False
2025-07-08,5548,False
2025-07-09,3358,True
2025-07-10,6526,False
2025-07-11,2918,True
2025-07-12,2513,True
2025-07-13,8253,False
2025-07-14,4464,False
2025-07-15,5132,False
2025-07-16,7367,False
2025-07-17,4196,False
2025-07-18,2534,True
2025-07-19,3258,True
2025-07-20,1570,True
2025-07-21,6312,False
2025-07-22,5701,False
2025-07-23,7410,False
2025-07-24,7238,False
2025-07-25,1724,True
2025-07-26,8895,False
2025-07-27,1086,True
2025-07-28,1672,True
2025-07-29,8214,False
2025-07-30,5562,False
2025-07-31,4423,False
2025-08-01,4367,False
2025-08-02,15472,False
2025-08-03,2332,True
2025-08-04,3507,True
2025-08-05,4137,False
2025-08-06,7374,False
2025-08-07,4291,False
2025-08-08,7061,False
2025-08-09,17600,False
2025-08-10,11629,False
2025-08-11,7337,False
2025-08-12,23412,False
2025-08-13,19254,False
2025-08-14,23128,False
2025-08-15,11906,False
2025-08-16,20044,False
2025-08-17,14235,False
2025-08-18,17516,False
2025-08-19,7330,False
2025-08-20,17995,False
2025-08-21,21614,False
2025-08-22,15119,False
2025-08-23,26111,False
2025-08-24,10998,False
2025-08-25,6746,False
2025-08-26,6040,False
2025-08-27,9657,False
2025-08-28,15249,False
2025-08-29,4576,False
2025-08-30,7483,False
2025-08-31,16434,False
2025-09-01,7085,False
2025-09-02,6283,False
2025-09-03,22050,False
2025-09-04,19042,False
2025-09-05,15770,False
2025-09-06,6092,False
2025-09-07,4287,False
2025-09-08,6572,False
2025-09-09,17722,False
2025-09-10,20827,False
2025-09-11,25332,False
2025-09-12,19260,False
2025-09-13,14531,False
2025-09-14,22296,False
2025-09-15,15099,False
2025-09-16,11687,False
2025-09-17,17255,False
2025-09-18,14076,False
2025-09-19,18430,False
2025-09-20,20229,False
2025-09-21,10960,False
2025-09-22,14129,False
2025-09-23,13486,False
2025-09-24,9985,False
2025-09-25,11144,False
2025-09-26,8278,False
2025-09-27,4925,False
2025-09-28,8576,False
2025-09-29,13794,False
2025-09-30,17305,False
2025-10-01,15885,False
2025-10-02,13762,False
2025-10-03,10347,False
2025-10-04,16952,False
2025-10-05,13017,False
2025-10-06,17109,False
2025-10-07,6184,False
2025-10-08,11004,False
2025-10-09,12425,False
2025-10-10,20605,False
2025-10-11,20108,False
2025-10-12,16350,False
2025-10-13,10007,False
2025-10-14,10599,False
2025-10-15,12593,False
2025-10-16,10101,False
2025-10-17,15614,False
2025-10-18,18034,False
2025-10-19,20995,False
2025-10-20,12447,False
2025-10-21,17901,False
2025-10-22,12551,False
2025-10-23,9324,False
2025-10-24,11479,False
2025-10-25,11431,False
2025-10-26,14273,False
2025-10-27,13741,False
2025-10-28,13953,False
2025-10-29,7453,False
2025-10-30,14648,False
2025-10-31,11766,False
2025-11-01,5078,False
2025-11-02,14009,False
2025-11-03,8467,False
2025-11-04,9888,False
2025-11-05,15061,False
2025-11-06,13487,False
2025-11-07,6948,False
2025-11-08,9309,False
2025-11-09,12594,False
2025-11-10,10459,False
2025-11-11,12070,False
2025-11-12,9532,False
2025-11-13,9314,False
2025-11-14,13551,False
2025-11-15,18358,False
2025-11-16,10190,False
2025-11-17,7193,False
2025-11-18,12095,False
2025-11-19,8650,False
2025-11-20,11106,False
2025-11-21,10336,False
2025-11-22,15812,False
2025-11-23,6856,False
2025-11-24,1936,True
2025-11-25,4157,False
2025-11-26,3178,True
2025-11-27,2119,True
2025-11-28,4658,False
2025-11-29,15090,False
2025-11-30,4063,False
2025-12-01,3651,True
2025-12-02,2831,True
2025-12-03,4911,False
2025-12-04,19103,False
2025-12-05,2172,True
2025-12-06,18202,False
2025-12-07,4012,False
2025-12-08,4190,False
2025-12-09,3726,True
2025-12-10,2137,True
2025-12-11,4045,False
2025-12-12,3020,True
2025-12-13,6962,False
2025-12-14,15286,False
2025-12-15,2109,True
2025-12-16,4135,False
2025-12-17,5010,False
2025-12-18,4788,False
2025-12-19,4531,False
2025-12-20,5451,False
2025-12-21,2531,True
2025-12-22,4981,False
2025-12-23,6303,False
2025-12-24,5445,False
2025-12-25,3943,True
2025-12-26,3342,True
2025-12-27,5440,False
2025-12-28,4523,False
2025-12-29,4079,False
2025-12-30,5110,False
2025-12-31,5111,False
2026-01-01,6772,False
2026-01-02,5093,False
2026-01-03,12540,False
2026-01-04,16602,False
2026-01-05,17063,False
2026-01-06,15454,False
2026-01-07,11623,False
2026-01-08,10675,False
2026-01-09,14416,False
2026-01-10,8004,False
2026-01-11,13701,False
2026-01-12,4354,False
2026-01-13,5695,False
2026-01-14,8639,False
2026-01-15,8522,False
2026-01-16,9091,False
2026-01-17,10400,False
2026-01-18,18738,False
2026-01-19,8678,False
2026-01-20,14258,False
2026-01-21,11061,False
2026-01-22,11328,False
2026-01-23,14868,False
2026-01-24,10429,False
2026-01-25,5230,False
2026-01-26,13387,False
2026-01-27,14580,False
2026-01-28,12053,False
2026-01-29,14567,False
2026-01-30,14616,False
2026-01-31,16744,False
2026-02-01,13814,False
2026-02-02,14660,False
2026-02-03,12335,False
2026-02-04,13506,False
2026-02-05,13902,False
2026-02-06,11921,False
2026-02-07,11794,False
2026-02-08,14265,False
2026-02-09,13071,False
2026-02-10,17962,False
2026-02-11,17828,False
2026-02-12,14700,False
2026-02-13,11367,False
2026-02-14,13387,False
2026-02-15,11428,False
2026-02-16,13135,False
2026-02-17,5176,False
2026-02-18,11493,False
2026-02-19,10816,False
2026-02-20,13504,False
2026-02-21,7396,False
2026-02-22,13406,False
2026-02-23,12716,False
2026-02-24,13594,False
2026-02-25,16234,False
2026-02-26,10672,False
2026-02-27,14559,False
2026-02-28,15277,False
2026-03-01,15540,False
2026-03-02,10240,False
2026-03-03,11640,False
2026-03-04,9114,False
2026-03-05,9966,False
2026-03-06,9301,False
2026-03-07,12634,False
2026-03-08,8707,False
2026-03-09,10264,False
2026-03-10,15489,False
2026-03-11,18878,False
2026-03-12,9756,False
2026-03-13,10831,False
2026-03-14,11449,False
2026-03-15,3563,True
2026-03-16,2383,True
2026-03-17,3857,True
2026-03-18,3159,True
2026-03-19,2835,True
2026-03-20,2380,True
2026-03-21,3958,True
2026-03-22,5718,False
2026-03-23,1956,True
2026-03-24,34104,False
2026-03-25,25047,False
2026-03-26,3424,True
2026-03-27,4770,False
2026-03-28,14616,False
2026-03-29,12821,False
2026-03-30,12413,False
2026-03-31,12282,False
2026-04-01,12769,False
2026-04-02,16787,False
2026-04-03,16773,False
2026-04-04,22182,False
2026-04-05,13820,False
2026-04-06,16538,False
2026-04-07,13212,False
2026-04-08,10444,False
2026-04-09,10918,False
2026-04-10,12347,False
2026-04-11,12112,False
2026-04-12,13618,False
2026-04-13,8863,False
2026-04-14,11084,False
2026-04-15,12168,False
2026-04-16,14029,False
2026-04-17,12153,False
2026-04-18,15342,False
2026-04-19,20792,False
2026-04-20,15714,False
2026-04-21,13734,False
2026-04-22,17349,False
2026-04-23,13001,False
2026-04-24,15523,False
2026-04-25,13915,False
2026-04-26,13039,False
2026-04-27,17162,False
2026-04-28,13558,False
2026-04-29,14814,False
2026-04-30,17505,False
2026-05-01,13727,False
2026-05-02,11450,False
2026-05-03,11653,False
2026-05-04,23906,False
2026-05-05,13897,False
2026-05-06,8765,False
2026-05-07,15979,False
2026-05-08,14223,False
